0,310.7955628,303.95,,,辐射体绝对温度,环境绝对温度,系数,,30.8,37.6455628,273.15
1,310.1096084,304.05,,,,,,,30.9,36.95960835,273.15
2,309.5070228,303.55,,,,,,,30.4,36.35702275,273.15
3,308.9950054,303.35,,,,,,,30.2,35.8450054,273.15
4,308.5246841,303.75,,,,,,,30.6,35.3746841,273.15
5,308.1084156,304.45,,,,,,,31.3,34.95841555,273.15
6,307.7174707,304.35,,,,,,,31.2,34.56747065,273.15
7,307.3927033,303.55,,,,,,,30.4,34.24270325,273.15
8,307.0990338,304.35,,,,,,,31.2,33.94903375,273.15
9,306.805388,304.45,,,,,,,31.3,33.655388,273.15
10,306.5385758,304.55,,,,,,,31.4,33.3885758,273.15
11,306.276403,304.25,,,,,,,31.1,33.12640295,273.15
12,306.0456496,304.25,,,,,,,31.1,32.8956496,273.15
13,305.8217281,303.75,,,,,,,30.6,32.67172805,273.15
14,305.6134987,304.15,,,,,,,31,32.4634987,273.15
15,305.4132885,304.25,,,,,,,31.1,32.26328845,273.15
16,305.2244155,303.45,,,,,,,30.3,32.0744155,273.15
17,305.0757645,303.55,,,,,,,30.4,31.9257645,273.15
18,304.9377396,302.55,,,,,,,29.4,31.78773955,273.15
19,304.7864912,302.85,,,,,,,29.7,31.6364912,273.15
20,304.6571263,302.45,,,,,,,29.3,31.5071263,273.15
21,304.4939291,302.75,,,,,,,29.6,31.3439291,273.15
22,304.4025519,302.95,,,,,,,29.8,31.2525519,273.15
23,304.2568579,302.45,,,,,,,29.3,31.10685785,273.15
24,304.1794506,303.75,,,,,,,30.6,31.02945055,273.15
25,304.0475358,302.75,,,,,,,29.6,30.89753575,273.15
26,303.930843,303.45,,,,,,,30.3,30.78084295,273.15
27,303.8716283,303.55,,,,,,,30.4,30.72162825,273.15
28,303.8011969,302.85,,,,,,,29.7,30.65119685,273.15
29,303.7338222,303.25,,,,,,,30.1,30.5838222,273.15
30,303.664408,303.55,,,,,,,30.4,30.51440795,273.15
31,303.5619168,303.65,,,,,,,30.5,30.41191675,273.15
32,303.5166074,303.65,,,,,,,30.5,30.3666074,273.15
33,303.4094847,303.65,,,,,,,30.5,30.2594847,273.15
34,303.3297193,303.85,,,,,,,30.7,30.17971925,273.15
35,303.240199,303.75,,,,,,,30.6,30.090199,273.15
36,303.1560279,303.35,,,,,,,30.2,30.0060279,273.15
37,303.063585,303.55,,,,,,,30.4,29.91358495,273.15
38,302.9897654,302.95,,,,,,,29.8,29.83976535,273.15
39,302.8893473,303.15,,,,,,,30,29.7393473,273.15
40,302.8021405,302.35,,,,,,,29.2,29.6521405,273.15
41,302.7104152,302.65,,,,,,,29.5,29.5604152,273.15
42,302.6476459,301.95,,,,,,,28.8,29.4976459,273.15
43,302.5624765,302.15,,,,,,,29,29.41247645,273.15
44,302.4702809,302.75,,,,,,,29.6,29.32028085,273.15
45,302.3954061,303.05,,,,,,,29.9,29.24540605,273.15
46,302.351287,302.75,,,,,,,29.6,29.20128695,273.15
47,302.2207139,303.15,,,,,,,30,29.07071385,273.15
48,302.2004362,303.15,,,,,,,30,29.05043615,273.15
49,302.0972518,303.85,,,,,,,30.7,28.9472518,273.15
50,302.0608061,303.25,,,,,,,30.1,28.9108061,273.15
51,302.0002075,303.45,,,,,,,30.3,28.85020745,273.15
52,301.9807146,303.15,,,,,,,30,28.8307146,273.15
53,301.908309,303.15,,,,,,,30,28.758309,273.15
54,301.902506,303.25,,,,,,,30.1,28.75250595,273.15
55,301.9380015,303.35,,,,,,,30.2,28.7880015,273.15
56,301.8883263,303.05,,,,,,,29.9,28.73832625,273.15
57,301.9108565,302.95,,,,,,,29.8,28.7608565,273.15
58,301.9261895,302.85,,,,,,,29.7,28.7761895,273.15
59,301.9603303,302.85,,,,,,,29.7,28.81033025,273.15
60,302.0328138,303.15,,,,,,,30,28.8828138,273.15
61,302.0951034,303.35,,,,,,,30.2,28.94510335,273.15
62,302.1392338,303.35,,,,,,,30.2,28.9892338,273.15
63,302.1786661,303.05,,,,,,,29.9,29.02866605,273.15
64,302.1894295,302.95,,,,,,,29.8,29.0394295,273.15
65,302.1618576,302.65,,,,,,,29.5,29.0118576,273.15
66,302.2486462,302.85,,,,,,,29.7,29.09864615,273.15
67,302.2500263,302.75,,,,,,,29.6,29.1000263,273.15
68,302.238505,302.55,,,,,,,29.4,29.088505,273.15
69,302.3239242,303.05,,,,,,,29.9,29.1739242,273.15
70,302.3156852,302.65,,,,,,,29.5,29.1656852,273.15
71,302.3194243,302.85,,,,,,,29.7,29.1694243,273.15
72,302.3638039,302.75,,,,,,,29.6,29.2138039,273.15
73,302.3810141,302.75,,,,,,,29.6,29.23101405,273.15
74,302.3834589,302.85,,,,,,,29.7,29.2334589,273.15
75,302.4105436,303.05,,,,,,,29.9,29.26054355,273.15
76,302.4149397,302.75,,,,,,,29.6,29.26493965,273.15
77,302.3790713,303.25,,,,,,,30.1,29.2290713,273.15
78,302.3747313,302.95,,,,,,,29.8,29.2247313,273.15
79,302.415097,303.05,,,,,,,29.9,29.265097,273.15
80,302.385432,303.05,,,,,,,29.9,29.23543195,273.15
81,302.3550747,302.85,,,,,,,29.7,29.20507465,273.15
82,302.3308612,302.65,,,,,,,29.5,29.1808612,273.15
83,302.3050403,302.95,,,,,,,29.8,29.1550403,273.15
84,302.248793,302.65,,,,,,,29.5,29.09879295,273.15
85,302.2063145,302.55,,,,,,,29.4,29.0563145,273.15
86,302.1602805,302.85,,,,,,,29.7,29.0102805,273.15
87,302.1378897,302.95,,,,,,,29.8,28.9878897,273.15
88,302.1025699,302.95,,,,,,,29.8,28.95256985,273.15
89,302.084928,302.75,,,,,,,29.6,28.93492795,273.15
90,302.0722736,302.95,,,,,,,29.8,28.9222736,273.15
91,302.0423473,302.55,,,,,,,29.4,28.89234725,273.15
92,302.0308613,303.05,,,,,,,29.9,28.88086125,273.15
93,302.0200464,302.75,,,,,,,29.6,28.8700464,273.15
94,302.019846,302.35,,,,,,,29.2,28.869846,273.15
95,301.963459,302.75,,,,,,,29.6,28.81345895,273.15
96,301.9745051,302.85,,,,,,,29.7,28.82450505,273.15
97,301.9831099,303.05,,,,,,,29.9,28.83310985,273.15
98,301.9236577,302.85,,,,,,,29.7,28.77365765,273.15
99,301.9282395,302.55,,,,,,,29.4,28.77823945,273.15
100,301.8986199,302.75,,,,,,,29.6,28.74861985,273.15
101,301.8516847,302.75,,,,,,,29.6,28.7016847,273.15
102,301.7904443,302.85,,,,,,,29.7,28.6404443,273.15
103,301.7342872,302.65,,,,,,,29.5,28.58428715,273.15
104,301.672597,302.75,,,,,,,29.6,28.522597,273.15
105,301.6325636,302.65,,,,,,,29.5,28.48256355,273.15
106,301.54138,302.35,,,,,,,29.2,28.39138,273.15
107,301.4833984,302.65,,,,,,,29.5,28.3333984,273.15
108,301.4707829,302.75,,,,,,,29.6,28.32078285,273.15
109,301.4149428,302.75,,,,,,,29.6,28.26494275,273.15
110,301.3685754,302.65,,,,,,,29.5,28.2185754,273.15
111,301.3674041,302.45,,,,,,,29.3,28.2174041,273.15
112,301.3113996,302.25,,,,,,,29.1,28.16139955,273.15
113,301.2212298,302.35,,,,,,,29.2,28.0712298,273.15
114,301.2685161,302.45,,,,,,,29.3,28.1185161,273.15
115,301.2582947,302.35,,,,,,,29.2,28.1082947,273.15
116,301.2545613,302.55,,,,,,,29.4,28.10456125,273.15
117,301.2700741,302.35,,,,,,,29.2,28.12007405,273.15
118,301.2992196,302.65,,,,,,,29.5,28.1492196,273.15
119,301.3257906,302.35,,,,,,,29.2,28.1757906,273.15
120,301.2915463,302.55,,,,,,,29.4,28.1415463,273.15
121,301.3800119,302.55,,,,,,,29.4,28.23001185,273.15
122,301.3538187,302.55,,,,,,,29.4,28.20381865,273.15
123,301.3895635,302.45,,,,,,,29.3,28.23956345,273.15
124,301.3639654,302.25,,,,,,,29.1,28.2139654,273.15
125,301.4379518,302.45,,,,,,,29.3,28.28795175,273.15
126,301.3801846,302.15,,,,,,,29,28.23018455,273.15
127,301.3907378,302.55,,,,,,,29.4,28.2407378,273.15
128,301.3863084,302.15,,,,,,,29,28.23630835,273.15
129,301.4004733,302.65,,,,,,,29.5,28.25047325,273.15
130,301.4401355,302.65,,,,,,,29.5,28.2901355,273.15
131,301.4894928,302.75,,,,,,,29.6,28.3394928,273.15
132,301.5515684,302.55,,,,,,,29.4,28.40156835,273.15
133,301.5483975,302.55,,,,,,,29.4,28.39839745,273.15
134,301.5758764,302.45,,,,,,,29.3,28.42587635,273.15
135,301.6027261,302.35,,,,,,,29.2,28.45272605,273.15
136,301.6038822,302.25,,,,,,,29.1,28.4538822,273.15
137,301.5721444,302.15,,,,,,,29,28.42214435,273.15
138,301.5661226,302.15,,,,,,,29,28.4161226,273.15
139,301.5257134,302.05,,,,,,,28.9,28.3757134,273.15
140,301.5166781,302.05,,,,,,,28.9,28.3666781,273.15
141,301.5201334,302.05,,,,,,,28.9,28.3701334,273.15
142,301.4267742,301.95,,,,,,,28.8,28.2767742,273.15
143,301.4151314,302.15,,,,,,,29,28.26513135,273.15
144,301.3671625,302.15,,,,,,,29,28.2171625,273.15
145,301.3435984,302.05,,,,,,,28.9,28.1935984,273.15
146,301.3862286,302.25,,,,,,,29.1,28.23622855,273.15
147,301.3519827,302.25,,,,,,,29.1,28.2019827,273.15
148,301.2819634,302.35,,,,,,,29.2,28.13196335,273.15
149,301.2936636,302.25,,,,,,,29.1,28.14366355,273.15
150,301.2637937,302.35,,,,,,,29.2,28.11379365,273.15
151,301.2603589,302.15,,,,,,,29,28.1103589,273.15
152,301.2979678,302.55,,,,,,,29.4,28.1479678,273.15
153,301.3135293,302.55,,,,,,,29.4,28.1635293,273.15
154,301.2477985,302.25,,,,,,,29.1,28.0977985,273.15
155,301.3028628,302.25,,,,,,,29.1,28.1528628,273.15
156,301.2151241,301.95,,,,,,,28.8,28.0651241,273.15
157,301.2790196,302.55,,,,,,,29.4,28.1290196,273.15
158,301.2787003,302.25,,,,,,,29.1,28.1287003,273.15
159,301.2482311,302.15,,,,,,,29,28.09823105,273.15
160,301.2040724,302.25,,,,,,,29.1,28.05407235,273.15
161,301.2298585,301.95,,,,,,,28.8,28.07985845,273.15
162,301.1548387,301.95,,,,,,,28.8,28.00483865,273.15
163,301.0900418,302.05,,,,,,,28.9,27.9400418,273.15
164,301.1605351,301.95,,,,,,,28.8,28.01053505,273.15
165,301.1529747,302.35,,,,,,,29.2,28.00297465,273.15
166,301.1237378,302.25,,,,,,,29.1,27.97373775,273.15
167,301.0925163,302.05,,,,,,,28.9,27.9425163,273.15
168,301.1207548,302.25,,,,,,,29.1,27.9707548,273.15
169,301.0917202,302.05,,,,,,,28.9,27.94172015,273.15
170,301.0919474,302.35,,,,,,,29.2,27.94194735,273.15
171,301.0871743,301.95,,,,,,,28.8,27.9371743,273.15
172,301.0342343,301.85,,,,,,,28.7,27.88423425,273.15
173,301.0614233,301.95,,,,,,,28.8,27.91142325,273.15
174,301.0418599,301.85,,,,,,,28.7,27.8918599,273.15
175,301.0130635,301.85,,,,,,,28.7,27.8630635,273.15
176,301.0690313,301.85,,,,,,,28.7,27.91903125,273.15
177,301.0420737,301.95,,,,,,,28.8,27.89207365,273.15
178,301.0407005,301.95,,,,,,,28.8,27.89070045,273.15
179,301.0005012,302.05,,,,,,,28.9,27.8505012,273.15
180,301.0060524,301.95,,,,,,,28.8,27.85605235,273.15
181,301.0267665,301.95,,,,,,,28.8,27.8767665,273.15
182,300.9543891,301.75,,,,,,,28.6,27.8043891,273.15
183,301.0019618,301.75,,,,,,,28.6,27.8519618,273.15
184,300.9691944,301.95,,,,,,,28.8,27.81919435,273.15
185,300.9108802,301.65,,,,,,,28.5,27.7608802,273.15
186,300.9006666,301.55,,,,,,,28.4,27.7506666,273.15
187,300.8612522,301.75,,,,,,,28.6,27.71125215,273.15
188,300.8135122,301.45,,,,,,,28.3,27.6635122,273.15
189,300.7961188,301.55,,,,,,,28.4,27.6461188,273.15
190,300.8002076,301.65,,,,,,,28.5,27.65020755,273.15
191,300.7260723,301.35,,,,,,,28.2,27.57607225,273.15
192,300.7105665,301.45,,,,,,,28.3,27.5605665,273.15
193,300.6579918,301.55,,,,,,,28.4,27.5079918,273.15
194,300.6322139,301.55,,,,,,,28.4,27.48221385,273.15
195,300.6388135,301.45,,,,,,,28.3,27.4888135,273.15
196,300.5578221,301.55,,,,,,,28.4,27.4078221,273.15
197,300.5940388,301.55,,,,,,,28.4,27.44403875,273.15
198,300.4811235,301.65,,,,,,,28.5,27.33112345,273.15
199,300.5006243,301.25,,,,,,,28.1,27.35062425,273.15
200,300.4885013,301.15,,,,,,,28,27.3385013,273.15
201,300.4622585,301.45,,,,,,,28.3,27.3122585,273.15
202,300.4840151,301.35,,,,,,,28.2,27.3340151,273.15
203,300.5121183,301.65,,,,,,,28.5,27.3621183,273.15
204,300.4692835,301.45,,,,,,,28.3,27.3192835,273.15
205,300.4910708,301.35,,,,,,,28.2,27.3410708,273.15
206,300.4921929,301.75,,,,,,,28.6,27.3421929,273.15
207,300.5209927,301.35,,,,,,,28.2,27.3709927,273.15
208,300.4982796,301.25,,,,,,,28.1,27.34827955,273.15
209,300.4916324,301.35,,,,,,,28.2,27.34163235,273.15
210,300.472429,301.35,,,,,,,28.2,27.32242895,273.15
211,300.5043761,301.65,,,,,,,28.5,27.3543761,273.15
212,300.487729,301.25,,,,,,,28.1,27.337729,273.15
213,300.5001475,301.35,,,,,,,28.2,27.35014745,273.15
214,300.4529466,301.25,,,,,,,28.1,27.30294655,273.15
215,300.4790872,301.15,,,,,,,28,27.32908715,273.15
216,300.42922,301.15,,,,,,,28,27.27921995,273.15
217,300.3800515,301.25,,,,,,,28.1,27.23005145,273.15
218,300.3766052,301.05,,,,,,,27.9,27.2266052,273.15
219,300.3915986,301.15,,,,,,,28,27.2415986,273.15
220,300.3657879,301.15,,,,,,,28,27.21578785,273.15
221,300.3569662,301.05,,,,,,,27.9,27.20696615,273.15
222,300.3327323,301.05,,,,,,,27.9,27.1827323,273.15
223,300.3134687,301.25,,,,,,,28.1,27.16346865,273.15
224,300.3157947,301.15,,,,,,,28,27.16579465,273.15
225,300.3039218,301.15,,,,,,,28,27.1539218,273.15
226,300.2679672,301.35,,,,,,,28.2,27.1179672,273.15
227,300.2814077,300.85,,,,,,,27.7,27.1314077,273.15
228,300.2343747,301.25,,,,,,,28.1,27.08437465,273.15
229,300.1969165,300.95,,,,,,,27.8,27.0469165,273.15
230,300.1517066,300.85,,,,,,,27.7,27.0017066,273.15
231,300.0982758,300.95,,,,,,,27.8,26.94827575,273.15
232,300.0831782,300.95,,,,,,,27.8,26.93317815,273.15
233,300.1362756,301.15,,,,,,,28,26.98627555,273.15
234,300.1015599,301.35,,,,,,,28.2,26.9515599,273.15
235,300.1364575,301.35,,,,,,,28.2,26.98645745,273.15
236,300.0810364,301.15,,,,,,,28,26.93103635,273.15
237,300.1036184,301.15,,,,,,,28,26.95361835,273.15
238,300.10431,301.15,,,,,,,28,26.95430995,273.15
239,300.118514,300.95,,,,,,,27.8,26.968514,273.15
240,300.0273905,300.95,,,,,,,27.8,26.8773905,273.15
241,300.052672,301.15,,,,,,,28,26.90267195,273.15
242,300.0911677,301.25,,,,,,,28.1,26.94116765,273.15
243,300.0464709,301.05,,,,,,,27.9,26.89647085,273.15
244,300.0971592,301.15,,,,,,,28,26.9471592,273.15
245,300.0739657,301.05,,,,,,,27.9,26.92396565,273.15
246,300.0420125,300.95,,,,,,,27.8,26.8920125,273.15
247,300.070668,301.05,,,,,,,27.9,26.92066795,273.15
248,300.0202812,300.95,,,,,,,27.8,26.87028115,273.15
249,300.0487832,301.15,,,,,,,28,26.89878315,273.15
250,300.0602718,301.25,,,,,,,28.1,26.91027175,273.15
251,300.0239094,301.05,,,,,,,27.9,26.8739094,273.15
252,300.0799144,300.95,,,,,,,27.8,26.9299144,273.15
253,300.0773402,300.95,,,,,,,27.8,26.92734015,273.15
254,300.1103337,301.05,,,,,,,27.9,26.96033365,273.15
255,300.0948769,301.05,,,,,,,27.9,26.94487685,273.15
256,300.122592,301.15,,,,,,,28,26.972592,273.15
257,300.0865147,301.05,,,,,,,27.9,26.93651465,273.15
258,300.1321625,301.15,,,,,,,28,26.98216245,273.15
259,300.1262528,301.15,,,,,,,28,26.97625275,273.15
260,300.1271,300.95,,,,,,,27.8,26.9771,273.15
261,300.1214381,301.05,,,,,,,27.9,26.97143805,273.15
262,300.0868734,300.95,,,,,,,27.8,26.93687335,273.15
263,300.0595507,300.95,,,,,,,27.8,26.9095507,273.15
264,300.0660706,301.25,,,,,,,28.1,26.9160706,273.15
265,300.075561,301.05,,,,,,,27.9,26.92556095,273.15
266,300.0571683,300.85,,,,,,,27.7,26.9071683,273.15
267,300.0473861,300.85,,,,,,,27.7,26.89738605,273.15
268,300.0822334,301.25,,,,,,,28.1,26.93223335,273.15
269,300.1180691,301.05,,,,,,,27.9,26.9680691,273.15
270,300.0572144,300.75,,,,,,,27.6,26.9072144,273.15
271,300.03913,300.95,,,,,,,27.8,26.88913,273.15
272,300.0526587,300.45,,,,,,,27.3,26.9026587,273.15
273,300.0037169,300.55,,,,,,,27.4,26.85371685,273.15
274,300.0020385,301.15,,,,,,,28,26.8520385,273.15
275,300.0088645,301.15,,,,,,,28,26.8588645,273.15
276,300.009285,301.05,,,,,,,27.9,26.85928495,273.15
277,299.98402,300.95,,,,,,,27.8,26.83402,273.15
278,300.0058431,301.05,,,,,,,27.9,26.8558431,273.15
279,300.0081643,301.05,,,,,,,27.9,26.8581643,273.15
280,299.9786429,300.85,,,,,,,27.7,26.8286429,273.15
281,299.9595515,300.65,,,,,,,27.5,26.8095515,273.15
282,299.9136885,300.85,,,,,,,27.7,26.76368845,273.15
283,299.8905951,300.65,,,,,,,27.5,26.7405951,273.15
284,299.8522378,300.85,,,,,,,27.7,26.7022378,273.15
285,299.8490021,301.05,,,,,,,27.9,26.6990021,273.15
286,299.8905169,300.75,,,,,,,27.6,26.7405169,273.15
287,299.8722448,300.95,,,,,,,27.8,26.72224475,273.15
288,299.7985189,300.75,,,,,,,27.6,26.6485189,273.15
289,299.7894656,300.85,,,,,,,27.7,26.6394656,273.15
290,299.7848788,300.85,,,,,,,27.7,26.63487875,273.15
291,299.7823064,300.95,,,,,,,27.8,26.6323064,273.15
292,299.7591396,300.85,,,,,,,27.7,26.60913955,273.15
293,299.7852016,300.75,,,,,,,27.6,26.63520155,273.15
294,299.8316181,300.65,,,,,,,27.5,26.68161805,273.15
295,299.7410269,300.65,,,,,,,27.5,26.59102685,273.15
296,299.7121401,300.45,,,,,,,27.3,26.56214005,273.15
297,299.7903622,300.65,,,,,,,27.5,26.64036215,273.15
298,299.7788765,300.85,,,,,,,27.7,26.6288765,273.15
299,299.7453113,300.65,,,,,,,27.5,26.59531125,273.15
300,299.8078649,300.75,,,,,,,27.6,26.65786485,273.15
301,299.7721856,300.95,,,,,,,27.8,26.62218555,273.15
302,299.8197993,300.55,,,,,,,27.4,26.6697993,273.15
303,299.7917197,300.75,,,,,,,27.6,26.64171965,273.15
304,299.754026,300.65,,,,,,,27.5,26.60402595,273.15
305,299.7460579,300.65,,,,,,,27.5,26.59605785,273.15
306,299.7815614,300.65,,,,,,,27.5,26.63156135,273.15
307,299.7495164,300.75,,,,,,,27.6,26.59951635,273.15
308,299.7353958,300.55,,,,,,,27.4,26.58539575,273.15
309,299.7699322,300.65,,,,,,,27.5,26.6199322,273.15
310,299.7580031,300.75,,,,,,,27.6,26.6080031,273.15
311,299.7140169,300.45,,,,,,,27.3,26.56401685,273.15
312,299.6683579,300.35,,,,,,,27.2,26.5183579,273.15
313,299.6275859,300.15,,,,,,,27,26.4775859,273.15
314,299.5597836,300.15,,,,,,,27,26.40978355,273.15
315,299.5232448,300.05,,,,,,,26.9,26.37324475,273.15
316,299.5082518,300.15,,,,,,,27,26.3582518,273.15
317,299.4241111,300.35,,,,,,,27.2,26.2741111,273.15
318,299.4246409,300.45,,,,,,,27.3,26.2746409,273.15
319,299.3981841,300.35,,,,,,,27.2,26.2481841,273.15
320,299.3946906,300.45,,,,,,,27.3,26.2446906,273.15
321,299.3576614,300.45,,,,,,,27.3,26.20766135,273.15
322,299.3642872,300.35,,,,,,,27.2,26.2142872,273.15
323,299.3215424,300.15,,,,,,,27,26.1715424,273.15
324,299.3056521,300.45,,,,,,,27.3,26.15565205,273.15
325,299.3165684,300.35,,,,,,,27.2,26.1665684,273.15
326,299.3251163,300.25,,,,,,,27.1,26.1751163,273.15
327,299.3448948,300.45,,,,,,,27.3,26.1948948,273.15
328,299.3436908,300.45,,,,,,,27.3,26.19369075,273.15
329,299.3942276,300.55,,,,,,,27.4,26.24422755,273.15
330,299.3858403,300.25,,,,,,,27.1,26.23584025,273.15
331,299.3575381,300.35,,,,,,,27.2,26.20753805,273.15
332,299.3802915,300.65,,,,,,,27.5,26.2302915,273.15
333,299.3759743,300.45,,,,,,,27.3,26.2259743,273.15
334,299.3971101,300.35,,,,,,,27.2,26.2471101,273.15
335,299.400934,300.55,,,,,,,27.4,26.250934,273.15
336,299.4693387,300.65,,,,,,,27.5,26.31933865,273.15
337,299.495781,300.55,,,,,,,27.4,26.345781,273.15
338,299.5079042,300.35,,,,,,,27.2,26.35790415,273.15
339,299.5323619,300.45,,,,,,,27.3,26.3823619,273.15
340,299.5440535,300.45,,,,,,,27.3,26.39405345,273.15
341,299.5310353,300.25,,,,,,,27.1,26.3810353,273.15
342,299.5459803,300.35,,,,,,,27.2,26.3959803,273.15
343,299.4965803,300.45,,,,,,,27.3,26.3465803,273.15
344,299.497847,300.35,,,,,,,27.2,26.347847,273.15
345,299.4865815,300.45,,,,,,,27.3,26.33658145,273.15
346,299.5020771,300.35,,,,,,,27.2,26.3520771,273.15
347,299.547168,300.45,,,,,,,27.3,26.39716795,273.15
348,299.5120875,300.25,,,,,,,27.1,26.36208745,273.15
349,299.5478259,300.65,,,,,,,27.5,26.39782585,273.15
350,299.4950233,300.25,,,,,,,27.1,26.34502325,273.15
351,299.4893119,300.45,,,,,,,27.3,26.33931185,273.15
352,299.5000975,300.25,,,,,,,27.1,26.35009745,273.15
353,299.4702071,300.25,,,,,,,27.1,26.3202071,273.15
354,299.4853998,300.45,,,,,,,27.3,26.33539975,273.15
355,299.4539946,300.45,,,,,,,27.3,26.3039946,273.15
356,299.4332825,300.45,,,,,,,27.3,26.28328245,273.15
357,299.4732891,300.45,,,,,,,27.3,26.32328905,273.15
358,299.4578466,300.45,,,,,,,27.3,26.3078466,273.15
359,299.4925446,300.45,,,,,,,27.3,26.3425446,273.15
360,299.4824247,300.45,,,,,,,27.3,26.33242465,273.15
361,299.4692606,300.25,,,,,,,27.1,26.31926055,273.15
362,299.4551622,300.25,,,,,,,27.1,26.3051622,273.15
363,299.4377785,300.45,,,,,,,27.3,26.2877785,273.15
364,299.4627037,300.15,,,,,,,27,26.3127037,273.15
365,299.469009,300.25,,,,,,,27.1,26.319009,273.15
366,299.4217632,300.25,,,,,,,27.1,26.2717632,273.15
367,299.4183623,300.15,,,,,,,27,26.26836225,273.15
368,299.4538499,300.25,,,,,,,27.1,26.30384985,273.15
369,299.4263835,300.15,,,,,,,27,26.27638345,273.15
370,299.3490665,300.15,,,,,,,27,26.1990665,273.15
371,299.3639854,300.15,,,,,,,27,26.2139854,273.15
372,299.3646551,300.35,,,,,,,27.2,26.2146551,273.15
373,299.3813153,300.35,,,,,,,27.2,26.23131525,273.15
374,299.386105,300.25,,,,,,,27.1,26.236105,273.15
375,299.3780559,300.15,,,,,,,27,26.22805585,273.15
376,299.3481508,300.15,,,,,,,27,26.19815075,273.15
377,299.2775912,300.05,,,,,,,26.9,26.1275912,273.15
378,299.2433853,300.15,,,,,,,27,26.0933853,273.15
379,299.2615978,300.05,,,,,,,26.9,26.1115978,273.15
380,299.2729242,300.35,,,,,,,27.2,26.1229242,273.15
381,299.2152737,299.85,,,,,,,26.7,26.0652737,273.15
382,299.2458035,300.25,,,,,,,27.1,26.0958035,273.15
383,299.2191505,300.35,,,,,,,27.2,26.0691505,273.15
384,299.2249068,300.15,,,,,,,27,26.0749068,273.15
385,299.2570182,300.15,,,,,,,27,26.10701815,273.15
386,299.1906876,299.85,,,,,,,26.7,26.0406876,273.15
387,299.1710996,300.15,,,,,,,27,26.02109955,273.15
388,299.1620946,300.25,,,,,,,27.1,26.0120946,273.15
389,299.160721,300.25,,,,,,,27.1,26.01072095,273.15
390,299.1973736,300.15,,,,,,,27,26.0473736,273.15
391,299.1371283,299.95,,,,,,,26.8,25.9871283,273.15
392,299.1059928,300.05,,,,,,,26.9,25.95599275,273.15
393,299.1214151,299.95,,,,,,,26.8,25.97141505,273.15
394,299.1306698,300.15,,,,,,,27,25.98066975,273.15
395,299.1042649,299.85,,,,,,,26.7,25.95426485,273.15
396,299.0658953,300.05,,,,,,,26.9,25.91589525,273.15
397,299.0714509,299.95,,,,,,,26.8,25.92145085,273.15
398,299.0556203,300.05,,,,,,,26.9,25.90562025,273.15
399,299.0784881,300.35,,,,,,,27.2,25.9284881,273.15
400,299.0388034,300.15,,,,,,,27,25.88880335,273.15
401,299.0746973,300.25,,,,,,,27.1,25.9246973,273.15
402,299.0933798,300.35,,,,,,,27.2,25.9433798,273.15
403,299.0926367,300.05,,,,,,,26.9,25.94263665,273.15
404,299.075354,299.95,,,,,,,26.8,25.925354,273.15
405,299.0856526,299.95,,,,,,,26.8,25.9356526,273.15
406,299.0313674,299.95,,,,,,,26.8,25.88136735,273.15
407,299.0707063,299.95,,,,,,,26.8,25.92070625,273.15
408,299.0985511,300.15,,,,,,,27,25.94855105,273.15
409,299.0402473,299.85,,,,,,,26.7,25.89024725,273.15
410,299.0698786,300.05,,,,,,,26.9,25.9198786,273.15
411,299.0273697,299.95,,,,,,,26.8,25.8773697,273.15
412,299.0501671,299.95,,,,,,,26.8,25.90016705,273.15
413,299.0123752,299.85,,,,,,,26.7,25.8623752,273.15
414,299.0546782,300.05,,,,,,,26.9,25.90467815,273.15
415,299.0310786,300.05,,,,,,,26.9,25.8810786,273.15
416,298.968911,299.95,,,,,,,26.8,25.818911,273.15
417,299.0072989,300.25,,,,,,,27.1,25.8572989,273.15
418,298.9884264,300.05,,,,,,,26.9,25.83842635,273.15
419,298.9837176,299.85,,,,,,,26.7,25.83371755,273.15
420,298.9550409,299.75,,,,,,,26.6,25.80504085,273.15
421,298.8993197,299.85,,,,,,,26.7,25.74931965,273.15
422,298.9212787,300.35,,,,,,,27.2,25.7712787,273.15
423,298.9544112,300.05,,,,,,,26.9,25.80441115,273.15
424,298.9150854,300.15,,,,,,,27,25.7650854,273.15
425,298.9332347,299.95,,,,,,,26.8,25.78323465,273.15
426,298.9599751,300.15,,,,,,,27,25.8099751,273.15
427,298.9301949,300.05,,,,,,,26.9,25.7801949,273.15
428,298.9425452,299.95,,,,,,,26.8,25.7925452,273.15
429,298.8549939,299.65,,,,,,,26.5,25.7049939,273.15
430,298.8681786,299.75,,,,,,,26.6,25.7181786,273.15
431,298.855533,299.75,,,,,,,26.6,25.70553295,273.15
432,298.8469072,299.85,,,,,,,26.7,25.6969072,273.15
433,298.8209135,299.75,,,,,,,26.6,25.6709135,273.15
434,298.7864639,299.75,,,,,,,26.6,25.63646385,273.15
435,298.7792492,299.75,,,,,,,26.6,25.62924915,273.15
436,298.7241757,299.65,,,,,,,26.5,25.57417565,273.15
437,298.6930959,299.75,,,,,,,26.6,25.5430959,273.15
438,298.7299539,299.85,,,,,,,26.7,25.57995385,273.15
439,298.709659,299.65,,,,,,,26.5,25.559659,273.15
440,298.7234198,299.65,,,,,,,26.5,25.5734198,273.15
441,298.7006682,299.65,,,,,,,26.5,25.5506682,273.15
442,298.6853853,299.75,,,,,,,26.6,25.53538525,273.15
443,298.7014043,299.95,,,,,,,26.8,25.55140425,273.15
444,298.7120282,299.75,,,,,,,26.6,25.56202815,273.15
445,298.7036039,299.75,,,,,,,26.6,25.55360385,273.15
446,298.7032849,299.95,,,,,,,26.8,25.5532849,273.15
447,298.7551665,299.95,,,,,,,26.8,25.6051665,273.15
448,298.7474927,299.75,,,,,,,26.6,25.59749265,273.15
449,298.7772485,299.85,,,,,,,26.7,25.6272485,273.15
450,298.775046,299.95,,,,,,,26.8,25.625046,273.15
451,298.7945999,299.55,,,,,,,26.4,25.6445999,273.15
452,298.8040855,299.85,,,,,,,26.7,25.6540855,273.15
453,298.8203901,299.75,,,,,,,26.6,25.6703901,273.15
454,298.8249396,299.85,,,,,,,26.7,25.67493955,273.15
455,298.8346188,299.65,,,,,,,26.5,25.6846188,273.15
456,298.8248786,299.75,,,,,,,26.6,25.67487855,273.15
457,298.8185487,299.55,,,,,,,26.4,25.6685487,273.15
458,298.7639055,299.65,,,,,,,26.5,25.6139055,273.15
459,298.7458006,299.75,,,,,,,26.6,25.5958006,273.15
460,298.753174,299.75,,,,,,,26.6,25.60317395,273.15
461,298.7503189,299.75,,,,,,,26.6,25.6003189,273.15
462,298.7722387,299.75,,,,,,,26.6,25.6222387,273.15
463,298.7570223,299.55,,,,,,,26.4,25.6070223,273.15
464,298.7042108,299.55,,,,,,,26.4,25.5542108,273.15
465,298.7432075,299.45,,,,,,,26.3,25.5932075,273.15
466,298.7343772,299.55,,,,,,,26.4,25.5843772,273.15
467,298.7128257,299.95,,,,,,,26.8,25.56282565,273.15
468,298.7407565,299.65,,,,,,,26.5,25.59075645,273.15
469,298.684879,299.45,,,,,,,26.3,25.534879,273.15
470,298.6924549,299.55,,,,,,,26.4,25.5424549,273.15
471,298.7078751,299.65,,,,,,,26.5,25.5578751,273.15
472,298.6949604,299.55,,,,,,,26.4,25.54496035,273.15
473,298.6697241,299.55,,,,,,,26.4,25.5197241,273.15
474,298.6555981,299.45,,,,,,,26.3,25.50559805,273.15
475,298.6522092,299.65,,,,,,,26.5,25.50220915,273.15
476,298.6532892,299.75,,,,,,,26.6,25.50328915,273.15
477,298.6862344,299.75,,,,,,,26.6,25.5362344,273.15
478,298.6171727,299.85,,,,,,,26.7,25.4671727,273.15
479,298.6144841,299.65,,,,,,,26.5,25.4644841,273.15
480,298.6275787,299.55,,,,,,,26.4,25.47757865,273.15
481,298.6260368,299.65,,,,,,,26.5,25.47603675,273.15
482,298.6128303,299.35,,,,,,,26.2,25.46283025,273.15
483,298.5863922,299.35,,,,,,,26.2,25.4363922,273.15
484,298.5882956,299.55,,,,,,,26.4,25.4382956,273.15
485,298.5437472,299.35,,,,,,,26.2,25.3937472,273.15
486,298.5177543,299.35,,,,,,,26.2,25.36775425,273.15
487,298.5170859,299.45,,,,,,,26.3,25.36708585,273.15
488,298.4635061,299.35,,,,,,,26.2,25.3135061,273.15
489,298.4515551,299.65,,,,,,,26.5,25.3015551,273.15
490,298.4529178,299.35,,,,,,,26.2,25.3029178,273.15
491,298.4234409,299.55,,,,,,,26.4,25.2734409,273.15
492,298.4470658,299.55,,,,,,,26.4,25.29706575,273.15
493,298.4384912,299.45,,,,,,,26.3,25.2884912,273.15
494,298.4746194,299.55,,,,,,,26.4,25.3246194,273.15
495,298.4569151,299.25,,,,,,,26.1,25.30691505,273.15
496,298.4558847,299.45,,,,,,,26.3,25.30588465,273.15
497,298.5066216,299.75,,,,,,,26.6,25.35662155,273.15
498,298.4713549,299.55,,,,,,,26.4,25.32135485,273.15
499,298.4847628,299.45,,,,,,,26.3,25.33476275,273.15
500,298.5148644,299.45,,,,,,,26.3,25.36486435,273.15
501,298.5374606,299.55,,,,,,,26.4,25.3874606,273.15
502,298.49865,299.45,,,,,,,26.3,25.34864995,273.15
503,298.4938489,299.45,,,,,,,26.3,25.34384885,273.15
504,298.5043746,299.55,,,,,,,26.4,25.3543746,273.15
505,298.5052836,299.55,,,,,,,26.4,25.35528355,273.15
506,298.5377312,299.55,,,,,,,26.4,25.3877312,273.15
507,298.5293822,299.55,,,,,,,26.4,25.37938215,273.15
508,298.5033727,299.35,,,,,,,26.2,25.35337265,273.15
509,298.5097318,299.55,,,,,,,26.4,25.3597318,273.15
510,298.5212246,299.45,,,,,,,26.3,25.37122455,273.15
511,298.5058646,299.35,,,,,,,26.2,25.3558646,273.15
512,298.4733956,299.45,,,,,,,26.3,25.3233956,273.15
513,298.4768296,299.55,,,,,,,26.4,25.3268296,273.15
514,298.526295,299.55,,,,,,,26.4,25.37629495,273.15
515,298.4999458,299.55,,,,,,,26.4,25.34994575,273.15
516,298.5245412,299.35,,,,,,,26.2,25.3745412,273.15
517,298.4729376,299.45,,,,,,,26.3,25.32293755,273.15
518,298.4453329,299.35,,,,,,,26.2,25.29533285,273.15
519,298.4821749,299.75,,,,,,,26.6,25.3321749,273.15
520,298.4827225,299.45,,,,,,,26.3,25.33272245,273.15
521,298.4782235,299.55,,,,,,,26.4,25.32822345,273.15
522,298.4758277,299.45,,,,,,,26.3,25.32582765,273.15
523,298.4595286,299.55,,,,,,,26.4,25.30952855,273.15
524,298.4497959,299.45,,,,,,,26.3,25.2997959,273.15
525,298.4595268,299.55,,,,,,,26.4,25.30952675,273.15
526,298.4405868,299.55,,,,,,,26.4,25.2905868,273.15
527,298.4274483,299.35,,,,,,,26.2,25.27744825,273.15
528,298.4426292,299.45,,,,,,,26.3,25.29262915,273.15
529,298.4411095,299.55,,,,,,,26.4,25.2911095,273.15
530,298.4053256,299.35,,,,,,,26.2,25.2553256,273.15
531,298.4025026,299.45,,,,,,,26.3,25.2525026,273.15
532,298.346576,299.45,,,,,,,26.3,25.196576,273.15
533,298.3584149,299.55,,,,,,,26.4,25.2084149,273.15
534,298.4160363,299.45,,,,,,,26.3,25.26603625,273.15
535,298.3715207,299.35,,,,,,,26.2,25.22152065,273.15
536,298.3399888,299.35,,,,,,,26.2,25.18998875,273.15
537,298.3466497,299.45,,,,,,,26.3,25.1966497,273.15
538,298.3645646,299.55,,,,,,,26.4,25.21456455,273.15
539,298.3625947,299.55,,,,,,,26.4,25.2125947,273.15
540,298.3441106,299.25,,,,,,,26.1,25.19411055,273.15
541,298.3180501,299.55,,,,,,,26.4,25.16805005,273.15
542,298.3076783,299.35,,,,,,,26.2,25.15767825,273.15
543,298.3251091,299.35,,,,,,,26.2,25.1751091,273.15
544,298.3187552,299.25,,,,,,,26.1,25.16875515,273.15
545,298.3250793,299.35,,,,,,,26.2,25.17507925,273.15
546,298.3738729,299.35,,,,,,,26.2,25.2238729,273.15
547,298.2701764,299.35,,,,,,,26.2,25.1201764,273.15
548,298.3018252,299.35,,,,,,,26.2,25.1518252,273.15
549,298.3223256,299.25,,,,,,,26.1,25.17232555,273.15
550,298.329702,299.25,,,,,,,26.1,25.179702,273.15
551,298.3337078,299.35,,,,,,,26.2,25.1837078,273.15
552,298.3476365,299.45,,,,,,,26.3,25.19763645,273.15
553,298.3536807,299.25,,,,,,,26.1,25.2036807,273.15
554,298.3494836,299.25,,,,,,,26.1,25.1994836,273.15
555,298.3173269,299.25,,,,,,,26.1,25.16732685,273.15
556,298.359259,299.25,,,,,,,26.1,25.20925895,273.15
557,298.4101659,299.35,,,,,,,26.2,25.26016585,273.15
558,298.395216,299.35,,,,,,,26.2,25.24521595,273.15
559,298.3675802,299.25,,,,,,,26.1,25.21758015,273.15
560,298.3680613,299.25,,,,,,,26.1,25.2180613,273.15
561,298.4071396,299.35,,,,,,,26.2,25.25713955,273.15
562,298.3606732,299.35,,,,,,,26.2,25.2106732,273.15
563,298.3414363,299.35,,,,,,,26.2,25.1914363,273.15
564,298.3655739,299.45,,,,,,,26.3,25.2155739,273.15
565,298.3756149,299.05,,,,,,,25.9,25.22561485,273.15
566,298.3602346,299.15,,,,,,,26,25.21023455,273.15
567,298.3796311,299.35,,,,,,,26.2,25.22963105,273.15
568,298.3776379,299.35,,,,,,,26.2,25.22763785,273.15
569,298.356022,299.15,,,,,,,26,25.20602195,273.15
570,298.3261765,299.25,,,,,,,26.1,25.17617645,273.15
571,298.3058326,299.25,,,,,,,26.1,25.15583255,273.15
572,298.3129537,299.05,,,,,,,25.9,25.1629537,273.15
573,298.2937204,299.05,,,,,,,25.9,25.1437204,273.15
574,298.3035745,299.45,,,,,,,26.3,25.15357445,273.15
575,298.3084189,299.25,,,,,,,26.1,25.15841885,273.15
576,298.3097513,299.25,,,,,,,26.1,25.15975125,273.15
577,298.3015635,299.35,,,,,,,26.2,25.1515635,273.15
578,298.2883198,299.25,,,,,,,26.1,25.13831975,273.15
579,298.3047469,299.15,,,,,,,26,25.1547469,273.15
580,298.3043575,299.45,,,,,,,26.3,25.1543575,273.15
581,298.316036,299.15,,,,,,,26,25.166036,273.15
582,298.2969694,299.15,,,,,,,26,25.14696935,273.15
583,298.3012462,299.15,,,,,,,26,25.1512462,273.15
584,298.2743607,299.35,,,,,,,26.2,25.1243607,273.15
585,298.3171605,299.35,,,,,,,26.2,25.1671605,273.15
586,298.3038737,298.95,,,,,,,25.8,25.1538737,273.15
587,298.2647005,299.15,,,,,,,26,25.1147005,273.15
588,298.2930122,299.15,,,,,,,26,25.1430122,273.15
589,298.2698524,299.35,,,,,,,26.2,25.11985235,273.15
590,298.3014697,299.35,,,,,,,26.2,25.1514697,273.15
591,298.2859421,299.25,,,,,,,26.1,25.1359421,273.15
592,298.2611575,299.15,,,,,,,26,25.1111575,273.15
593,298.2850402,299.25,,,,,,,26.1,25.1350402,273.15
594,298.2663275,299.25,,,,,,,26.1,25.1163275,273.15
595,298.2408839,299.05,,,,,,,25.9,25.09088385,273.15
596,298.2313857,299.25,,,,,,,26.1,25.08138565,273.15
597,298.2321606,299.35,,,,,,,26.2,25.0821606,273.15
598,298.2357681,299.15,,,,,,,26,25.08576805,273.15
599,298.249007,299.45,,,,,,,26.3,25.09900695,273.15
600,298.2723048,299.05,,,,,,,25.9,25.12230475,273.15
601,298.2091095,299.35,,,,,,,26.2,25.05910945,273.15
602,298.2732581,299.35,,,,,,,26.2,25.12325805,273.15
603,298.2490349,299.25,,,,,,,26.1,25.0990349,273.15
604,298.2205553,298.95,,,,,,,25.8,25.0705553,273.15
605,298.1872183,299.15,,,,,,,26,25.0372183,273.15
606,298.178221,299.05,,,,,,,25.9,25.028221,273.15
607,298.212302,299.15,,,,,,,26,25.062302,273.15
608,298.1832716,298.95,,,,,,,25.8,25.03327155,273.15
609,298.1905936,299.25,,,,,,,26.1,25.0405936,273.15
610,298.1429546,299.15,,,,,,,26,24.99295455,273.15
611,298.0997036,299.05,,,,,,,25.9,24.94970355,273.15
612,298.1489771,299.25,,,,,,,26.1,24.99897705,273.15
613,298.1183912,299.25,,,,,,,26.1,24.96839115,273.15
614,298.1298095,299.25,,,,,,,26.1,24.97980945,273.15
615,298.1101815,299.25,,,,,,,26.1,24.96018145,273.15
616,298.1880649,299.25,,,,,,,26.1,25.03806485,273.15
617,298.1554907,299.15,,,,,,,26,25.0054907,273.15
618,298.1996774,299.25,,,,,,,26.1,25.04967735,273.15
619,298.2035782,299.25,,,,,,,26.1,25.05357815,273.15
620,298.23326,299.25,,,,,,,26.1,25.08325995,273.15
621,298.2474541,299.25,,,,,,,26.1,25.0974541,273.15
622,298.247741,299.05,,,,,,,25.9,25.097741,273.15
623,298.2417083,299.15,,,,,,,26,25.0917083,273.15
624,298.2435937,299.15,,,,,,,26,25.0935937,273.15
625,298.2267885,299.05,,,,,,,25.9,25.07678845,273.15
626,298.2185025,299.25,,,,,,,26.1,25.0685025,273.15
627,298.235119,299.15,,,,,,,26,25.08511895,273.15
628,298.2401654,299.15,,,,,,,26,25.0901654,273.15
629,298.2232078,299.15,,,,,,,26,25.0732078,273.15
630,298.1934023,299.15,,,,,,,26,25.0434023,273.15
631,298.2541516,299.05,,,,,,,25.9,25.10415155,273.15
632,298.1976838,299.05,,,,,,,25.9,25.04768375,273.15
633,298.237692,299.35,,,,,,,26.2,25.08769195,273.15
634,298.1783177,299.05,,,,,,,25.9,25.0283177,273.15
635,298.200297,299.25,,,,,,,26.1,25.050297,273.15
636,298.2019175,299.15,,,,,,,26,25.0519175,273.15
637,298.1913759,299.35,,,,,,,26.2,25.04137585,273.15
638,298.2319627,299.25,,,,,,,26.1,25.0819627,273.15
639,298.2604243,299.15,,,,,,,26,25.1104243,273.15
640,298.2661453,299.15,,,,,,,26,25.11614525,273.15
641,298.2096916,299.15,,,,,,,26,25.05969155,273.15
642,298.1668113,299.05,,,,,,,25.9,25.01681125,273.15
643,298.1522738,299.25,,,,,,,26.1,25.0022738,273.15
644,298.1651918,299.35,,,,,,,26.2,25.01519175,273.15
645,298.1026931,298.95,,,,,,,25.8,24.9526931,273.15
646,298.0645211,298.95,,,,,,,25.8,24.9145211,273.15
647,298.0414568,299.15,,,,,,,26,24.89145675,273.15
648,298.0384986,298.95,,,,,,,25.8,24.8884986,273.15
649,298.0405697,298.95,,,,,,,25.8,24.8905697,273.15
650,298.0142133,299.05,,,,,,,25.9,24.8642133,273.15
651,298.0297146,299.15,,,,,,,26,24.87971455,273.15
652,298.0427312,299.35,,,,,,,26.2,24.89273115,273.15
653,298.0472909,299.15,,,,,,,26,24.8972909,273.15
654,298.1116652,299.25,,,,,,,26.1,24.9616652,273.15
655,298.0847053,299.15,,,,,,,26,24.9347053,273.15
656,298.1031774,299.15,,,,,,,26,24.95317735,273.15
657,298.1058888,299.45,,,,,,,26.3,24.9558888,273.15
658,298.1087095,299.15,,,,,,,26,24.9587095,273.15
659,298.1239928,299.15,,,,,,,26,24.97399275,273.15
660,298.1300799,299.15,,,,,,,26,24.9800799,273.15
661,298.0778596,299.15,,,,,,,26,24.92785955,273.15
662,298.1256745,299.35,,,,,,,26.2,24.97567445,273.15
663,298.126068,298.95,,,,,,,25.8,24.97606795,273.15
664,298.0895251,299.15,,,,,,,26,24.9395251,273.15
665,298.1173077,299.25,,,,,,,26.1,24.9673077,273.15
666,298.0945582,299.05,,,,,,,25.9,24.9445582,273.15
667,298.1822561,299.35,,,,,,,26.2,25.0322561,273.15
668,298.1559183,299.15,,,,,,,26,25.0059183,273.15
669,298.1551781,299.15,,,,,,,26,25.00517805,273.15
670,298.1513249,299.15,,,,,,,26,25.00132485,273.15
671,298.125074,299.15,,,,,,,26,24.97507395,273.15
672,298.1502744,299.35,,,,,,,26.2,25.00027435,273.15
673,298.1778427,299.15,,,,,,,26,25.0278427,273.15
674,298.1709099,298.95,,,,,,,25.8,25.02090985,273.15
675,298.1472706,298.95,,,,,,,25.8,24.99727055,273.15
676,298.1672734,299.05,,,,,,,25.9,25.01727335,273.15
677,298.1155842,299.05,,,,,,,25.9,24.9655842,273.15
678,298.1141149,299.05,,,,,,,25.9,24.96411485,273.15
679,298.1152377,299.25,,,,,,,26.1,24.9652377,273.15
680,298.1409734,299.15,,,,,,,26,24.9909734,273.15
681,298.1006634,299.15,,,,,,,26,24.9506634,273.15
682,298.1653061,299.15,,,,,,,26,25.01530605,273.15
683,298.0952862,299.05,,,,,,,25.9,24.9452862,273.15
684,298.0971639,299.05,,,,,,,25.9,24.94716385,273.15
685,298.0861515,299.15,,,,,,,26,24.9361515,273.15
686,298.1316087,299.25,,,,,,,26.1,24.98160865,273.15
687,298.147932,299.05,,,,,,,25.9,24.997932,273.15
688,298.1271801,299.25,,,,,,,26.1,24.97718005,273.15
689,298.1498966,299.05,,,,,,,25.9,24.9998966,273.15
690,298.118857,299.05,,,,,,,25.9,24.968857,273.15
691,298.1156542,298.95,,,,,,,25.8,24.96565415,273.15
692,298.0546971,299.25,,,,,,,26.1,24.90469705,273.15
693,298.0210459,299.05,,,,,,,25.9,24.8710459,273.15
694,298.0193767,299.05,,,,,,,25.9,24.86937665,273.15
695,298.016609,298.75,,,,,,,25.6,24.866609,273.15
696,298.0149132,298.95,,,,,,,25.8,24.8649132,273.15
697,297.9757666,298.95,,,,,,,25.8,24.8257666,273.15
698,297.9423098,298.75,,,,,,,25.6,24.79230975,273.15
699,297.9566196,299.15,,,,,,,26,24.8066196,273.15
700,298.0179536,298.95,,,,,,,25.8,24.8679536,273.15
701,297.9852084,298.85,,,,,,,25.7,24.83520835,273.15
702,297.9925698,299.15,,,,,,,26,24.8425698,273.15
703,298.0256547,299.05,,,,,,,25.9,24.87565465,273.15
704,298.014597,298.95,,,,,,,25.8,24.864597,273.15
705,298.0214188,298.95,,,,,,,25.8,24.8714188,273.15
706,298.0125231,299.05,,,,,,,25.9,24.86252305,273.15
707,298.0424839,299.25,,,,,,,26.1,24.89248385,273.15
708,298.0218406,299.15,,,,,,,26,24.8718406,273.15
709,298.0008623,298.75,,,,,,,25.6,24.8508623,273.15
710,297.9658494,298.85,,,,,,,25.7,24.8158494,273.15
711,298.0177574,298.75,,,,,,,25.6,24.86775735,273.15
712,297.9897135,298.95,,,,,,,25.8,24.83971345,273.15
713,297.9461015,298.85,,,,,,,25.7,24.7961015,273.15
714,297.9487184,298.85,,,,,,,25.7,24.7987184,273.15
715,297.9166259,298.85,,,,,,,25.7,24.7666259,273.15
716,297.8958953,299.05,,,,,,,25.9,24.74589525,273.15
717,297.9101359,298.95,,,,,,,25.8,24.76013585,273.15
718,297.8947161,299.05,,,,,,,25.9,24.7447161,273.15
719,297.8726613,298.85,,,,,,,25.7,24.72266125,273.15
720,297.87044,298.95,,,,,,,25.8,24.72044,273.15
721,297.8429756,298.75,,,,,,,25.6,24.69297555,273.15
722,297.885338,298.95,,,,,,,25.8,24.735338,273.15
723,297.8881795,298.95,,,,,,,25.8,24.73817945,273.15
724,297.9167239,298.95,,,,,,,25.8,24.76672385,273.15
725,297.8467632,298.85,,,,,,,25.7,24.6967632,273.15
726,297.844774,298.95,,,,,,,25.8,24.69477395,273.15
727,297.8673804,298.85,,,,,,,25.7,24.7173804,273.15
728,297.8947011,298.95,,,,,,,25.8,24.7447011,273.15
729,297.904849,298.95,,,,,,,25.8,24.754849,273.15
730,297.9219462,299.05,,,,,,,25.9,24.77194615,273.15
731,297.8902569,298.85,,,,,,,25.7,24.7402569,273.15
732,297.8986472,298.75,,,,,,,25.6,24.74864715,273.15
733,297.8778029,298.95,,,,,,,25.8,24.72780285,273.15
734,297.9269801,298.85,,,,,,,25.7,24.7769801,273.15
735,297.9168655,298.95,,,,,,,25.8,24.7668655,273.15
736,297.9329673,298.75,,,,,,,25.6,24.78296725,273.15
737,297.9243872,298.95,,,,,,,25.8,24.7743872,273.15
738,297.9195096,298.85,,,,,,,25.7,24.76950955,273.15
739,297.9177088,298.85,,,,,,,25.7,24.76770875,273.15
740,297.8711931,299.15,,,,,,,26,24.72119305,273.15
741,297.8752279,298.65,,,,,,,25.5,24.7252279,273.15
742,297.865475,298.65,,,,,,,25.5,24.715475,273.15
743,297.8273329,298.85,,,,,,,25.7,24.6773329,273.15
744,297.8561766,298.65,,,,,,,25.5,24.7061766,273.15
745,297.8343632,299.05,,,,,,,25.9,24.6843632,273.15
746,297.8708994,298.95,,,,,,,25.8,24.72089935,273.15
747,297.863409,298.95,,,,,,,25.8,24.71340895,273.15
748,297.8520432,298.85,,,,,,,25.7,24.70204315,273.15
749,297.9177087,299.05,,,,,,,25.9,24.76770865,273.15
750,297.9048581,298.85,,,,,,,25.7,24.7548581,273.15
751,297.9060996,299.25,,,,,,,26.1,24.75609955,273.15
752,297.9720337,299.15,,,,,,,26,24.82203365,273.15
753,297.9588514,298.95,,,,,,,25.8,24.80885135,273.15
754,297.9450567,298.95,,,,,,,25.8,24.7950567,273.15
755,298.0135289,299.05,,,,,,,25.9,24.86352885,273.15
756,298.008083,298.95,,,,,,,25.8,24.85808295,273.15
757,298.0033182,298.95,,,,,,,25.8,24.8533182,273.15
758,298.0105221,299.15,,,,,,,26,24.8605221,273.15
759,298.0046181,298.75,,,,,,,25.6,24.8546181,273.15
760,298.0009738,298.85,,,,,,,25.7,24.85097375,273.15
761,297.961554,298.95,,,,,,,25.8,24.811554,273.15
762,297.9312151,299.05,,,,,,,25.9,24.7812151,273.15
763,297.9814281,299.25,,,,,,,26.1,24.83142805,273.15
764,297.9788348,298.85,,,,,,,25.7,24.8288348,273.15
765,297.9689664,298.95,,,,,,,25.8,24.8189664,273.15
766,297.9562119,298.85,,,,,,,25.7,24.80621185,273.15
767,297.9655225,298.85,,,,,,,25.7,24.81552245,273.15
768,297.9460843,299.05,,,,,,,25.9,24.7960843,273.15
769,297.9758217,298.95,,,,,,,25.8,24.82582165,273.15
770,297.9536869,298.75,,,,,,,25.6,24.80368685,273.15
771,297.8807078,298.75,,,,,,,25.6,24.73070775,273.15
772,297.872036,299.15,,,,,,,26,24.722036,273.15
773,297.8902073,299.05,,,,,,,25.9,24.74020725,273.15
774,297.9066349,298.75,,,,,,,25.6,24.75663485,273.15
775,297.912017,298.95,,,,,,,25.8,24.76201695,273.15
776,297.8710138,298.95,,,,,,,25.8,24.7210138,273.15
777,297.8513233,298.85,,,,,,,25.7,24.7013233,273.15
778,297.8489059,298.55,,,,,,,25.4,24.6989059,273.15
779,297.8092227,298.95,,,,,,,25.8,24.65922265,273.15
780,297.7746271,298.65,,,,,,,25.5,24.6246271,273.15
781,297.7054712,298.65,,,,,,,25.5,24.55547115,273.15
782,297.7008083,298.75,,,,,,,25.6,24.5508083,273.15
783,297.716989,298.75,,,,,,,25.6,24.56698895,273.15
784,297.7151284,298.75,,,,,,,25.6,24.56512835,273.15
785,297.7604676,298.95,,,,,,,25.8,24.6104676,273.15
786,297.8057779,298.95,,,,,,,25.8,24.65577785,273.15
787,297.7786338,298.95,,,,,,,25.8,24.6286338,273.15
788,297.7980127,299.25,,,,,,,26.1,24.6480127,273.15
789,297.892812,298.95,,,,,,,25.8,24.74281195,273.15
790,297.9143751,299.05,,,,,,,25.9,24.7643751,273.15
791,297.9119522,299.05,,,,,,,25.9,24.76195215,273.15
792,297.9055353,298.75,,,,,,,25.6,24.7555353,273.15
793,297.9277067,299.05,,,,,,,25.9,24.77770665,273.15
794,297.9818824,298.95,,,,,,,25.8,24.8318824,273.15
795,297.9457653,299.05,,,,,,,25.9,24.79576525,273.15
796,297.9654131,298.95,,,,,,,25.8,24.8154131,273.15
797,297.953497,298.95,,,,,,,25.8,24.803497,273.15
798,297.9650854,298.95,,,,,,,25.8,24.81508535,273.15
799,297.9634782,298.95,,,,,,,25.8,24.8134782,273.15
800,297.9816543,298.95,,,,,,,25.8,24.8316543,273.15
801,297.9527687,299.05,,,,,,,25.9,24.8027687,273.15
802,297.9935175,299.15,,,,,,,26,24.84351745,273.15
803,297.9755942,298.95,,,,,,,25.8,24.82559415,273.15
804,297.9938841,298.95,,,,,,,25.8,24.84388405,273.15
805,297.9746212,298.95,,,,,,,25.8,24.8246212,273.15
806,298.0139716,298.95,,,,,,,25.8,24.86397155,273.15
807,298.0061132,299.05,,,,,,,25.9,24.85611315,273.15
808,298.0203297,298.85,,,,,,,25.7,24.87032965,273.15
809,297.9816526,298.85,,,,,,,25.7,24.8316526,273.15
810,297.9877782,298.95,,,,,,,25.8,24.83777815,273.15
811,297.9743528,299.15,,,,,,,26,24.8243528,273.15
812,297.9927497,298.95,,,,,,,25.8,24.8427497,273.15
813,297.9662295,298.95,,,,,,,25.8,24.8162295,273.15
814,297.9870218,298.95,,,,,,,25.8,24.83702175,273.15
815,298.0185308,299.05,,,,,,,25.9,24.8685308,273.15
816,298.0496704,299.05,,,,,,,25.9,24.89967035,273.15
817,298.0771796,299.05,,,,,,,25.9,24.92717955,273.15
818,298.1098711,299.15,,,,,,,26,24.95987105,273.15
819,298.0966008,299.05,,,,,,,25.9,24.9466008,273.15
820,298.106443,298.95,,,,,,,25.8,24.956443,273.15
821,298.1252728,299.05,,,,,,,25.9,24.97527275,273.15
822,298.1050223,298.95,,,,,,,25.8,24.9550223,273.15
823,298.1284669,299.15,,,,,,,26,24.97846685,273.15
824,298.1541649,299.45,,,,,,,26.3,25.00416485,273.15
825,298.1303161,299.05,,,,,,,25.9,24.9803161,273.15
826,298.1736217,299.05,,,,,,,25.9,25.0236217,273.15
827,298.181306,299.15,,,,,,,26,25.031306,273.15
828,298.2220012,299.15,,,,,,,26,25.0720012,273.15
829,298.2354744,299.15,,,,,,,26,25.0854744,273.15
830,298.2362725,299.25,,,,,,,26.1,25.08627245,273.15
831,298.2606765,299.15,,,,,,,26,25.11067645,273.15
832,298.3034792,299.35,,,,,,,26.2,25.15347915,273.15
833,298.3066569,299.35,,,,,,,26.2,25.15665685,273.15
834,298.2792665,299.25,,,,,,,26.1,25.12926645,273.15
835,298.3426574,299.55,,,,,,,26.4,25.19265735,273.15
836,298.373843,299.35,,,,,,,26.2,25.223843,273.15
837,298.3960255,299.65,,,,,,,26.5,25.24602545,273.15
838,298.3611237,299.25,,,,,,,26.1,25.2111237,273.15
839,298.3912216,299.25,,,,,,,26.1,25.2412216,273.15
840,298.4035678,299.35,,,,,,,26.2,25.25356775,273.15
841,298.486363,299.55,,,,,,,26.4,25.336363,273.15
842,298.5319253,299.55,,,,,,,26.4,25.38192525,273.15
843,298.4930035,299.15,,,,,,,26,25.3430035,273.15
844,298.4930716,299.25,,,,,,,26.1,25.34307155,273.15
845,298.4969269,299.35,,,,,,,26.2,25.34692685,273.15
846,298.5103731,299.35,,,,,,,26.2,25.36037305,273.15
847,298.5029671,299.55,,,,,,,26.4,25.35296705,273.15
848,298.5501009,299.35,,,,,,,26.2,25.4001009,273.15
849,298.5450382,299.55,,,,,,,26.4,25.39503815,273.15
850,298.5408222,299.55,,,,,,,26.4,25.3908222,273.15
851,298.5572622,299.65,,,,,,,26.5,25.40726215,273.15
852,298.5686557,299.45,,,,,,,26.3,25.41865565,273.15
853,298.5590316,299.65,,,,,,,26.5,25.4090316,273.15
854,298.5999571,299.65,,,,,,,26.5,25.44995705,273.15
855,298.5945208,299.65,,,,,,,26.5,25.4445208,273.15
856,298.5767128,299.65,,,,,,,26.5,25.4267128,273.15
857,298.6142961,299.85,,,,,,,26.7,25.4642961,273.15
858,298.6281286,299.55,,,,,,,26.4,25.47812855,273.15
859,298.6362762,299.65,,,,,,,26.5,25.4862762,273.15
860,298.6675656,299.55,,,,,,,26.4,25.5175656,273.15
861,298.7020675,299.65,,,,,,,26.5,25.55206745,273.15
862,298.7160088,299.75,,,,,,,26.6,25.5660088,273.15
863,298.7474609,299.75,,,,,,,26.6,25.5974609,273.15
864,298.7610002,299.85,,,,,,,26.7,25.61100015,273.15
865,298.801902,299.75,,,,,,,26.6,25.65190195,273.15
866,298.8265135,299.65,,,,,,,26.5,25.6765135,273.15
867,298.8308287,299.75,,,,,,,26.6,25.68082865,273.15
868,298.8452356,299.75,,,,,,,26.6,25.69523555,273.15
869,298.8467108,299.75,,,,,,,26.6,25.69671075,273.15
870,298.8413535,299.85,,,,,,,26.7,25.69135345,273.15
871,298.8218962,299.75,,,,,,,26.6,25.67189615,273.15
872,298.842988,299.85,,,,,,,26.7,25.69298795,273.15
873,298.8112755,299.75,,,,,,,26.6,25.66127545,273.15
874,298.8013647,299.95,,,,,,,26.8,25.6513647,273.15
875,298.7792447,299.85,,,,,,,26.7,25.6292447,273.15
876,298.7986235,300.05,,,,,,,26.9,25.64862345,273.15
877,298.7830525,300.05,,,,,,,26.9,25.63305245,273.15
878,298.7879078,299.85,,,,,,,26.7,25.63790775,273.15
879,298.7884263,299.95,,,,,,,26.8,25.63842625,273.15
880,298.7702192,300.05,,,,,,,26.9,25.62021915,273.15
881,298.7645378,300.05,,,,,,,26.9,25.61453775,273.15
882,298.7980685,300.15,,,,,,,27,25.6480685,273.15
883,298.7972881,300.05,,,,,,,26.9,25.64728805,273.15
884,298.880742,300.25,,,,,,,27.1,25.730742,273.15
885,298.9776501,300.25,,,,,,,27.1,25.8276501,273.15
886,299.0893316,300.35,,,,,,,27.2,25.93933155,273.15
887,299.2224447,300.45,,,,,,,27.3,26.07244465,273.15
888,299.3638667,300.55,,,,,,,27.4,26.2138667,273.15
889,299.4807151,300.35,,,,,,,27.2,26.33071505,273.15
890,299.5881965,300.65,,,,,,,27.5,26.43819645,273.15
891,299.7103395,300.35,,,,,,,27.2,26.5603395,273.15
892,299.8879305,300.35,,,,,,,27.2,26.73793045,273.15
893,299.9945776,300.45,,,,,,,27.3,26.84457755,273.15
894,300.1492861,300.45,,,,,,,27.3,26.99928605,273.15
895,300.2734787,300.55,,,,,,,27.4,27.12347865,273.15
896,300.414325,300.65,,,,,,,27.5,27.26432495,273.15
897,300.5265568,300.75,,,,,,,27.6,27.37655675,273.15
898,300.6675732,300.95,,,,,,,27.8,27.5175732,273.15
899,300.7841066,301.05,,,,,,,27.9,27.6341066,273.15
